subject,area of interest,start,end
20171113T201759-0381+0100,test2,5.501320979,5.656479052
20171113T201759-0381+0100,Password definition,7.401176321,7.543704214
20171113T201759-0381+0100,test2,8.354381515,19.823739988
20171113T201759-0381+0100,test1,20.344541372,20.489986854
20171113T201759-0381+0100,test6,23.631752362,24.375248875
20171113T201759-0381+0100,test7,25.607627761,26.06799742
20171113T201759-0381+0100,main,26.695966201,30.218219049
20171113T201759-0381+0100,test1,30.615824867,31.625749557
20171113T201759-0381+0100,test5,33.434963665,33.880065585
20171113T201759-0381+0100,test6,34.956586079,36.442083657
20171113T201759-0381+0100,test7,36.456655964,36.955382879
20171113T201759-0381+0100,main,38.887201216,39.763637163
20171113T201759-0381+0100,test4,40.819072823,41.341497696
20171113T201759-0381+0100,main,42.084511365,42.707521222
20171113T201759-0381+0100,test5,43.473334115,43.872943149
20171113T201759-0381+0100,test6,43.893649723,44.738940285
20171113T201759-0381+0100,main,45.526297399,46.07393767
20171113T201759-0381+0100,test3,48.090687173,48.67955293
20171113T201759-0381+0100,main,49.479179556,51.234241354
20171113T201759-0381+0100,test9,52.799970189,54.07971567
20171113T201759-0381+0100,main,54.775439471,57.440925907
20171113T201759-0381+0100,Password definition,58.762088935,59.72816622
20171113T201759-0381+0100,test1,59.761183359,60.099626138
20171113T201759-0381+0100,test7,63.192302354,63.49169098
20171113T201759-0381+0100,main,63.512669276,66.210516516
20171113T201759-0381+0100,test3,66.989324654,67.388734294
20171113T201759-0381+0100,test4,67.409629022,70.471034254
